﻿<?xml version="1.0" encoding="utf-8"?>
<DisplayDriverUninstaller Version="18.0.8.5">
	<LogEntries>
		<Event>
			<Time>12/21/2024 12:07:02 PM</Time>
			<Message>The following paths are detected.</Message>
			<Values Separator=" = ">
				<KvP>
					<Key>[Found] AppExeFile</Key>
					<Value>C:\Users\Griffin\Desktop\OceanTools\Oneclicktools\DDU\Display Driver Uninstaller.exe</Value>
				</KvP>
				<KvP>
					<Key>[Found] AppBase</Key>
					<Value>C:\Users\Griffin\Desktop\OceanTools\Oneclicktools\DDU\</Value>
				</KvP>
				<KvP>
					<Key>[Found] Settings</Key>
					<Value>C:\Users\Griffin\Desktop\OceanTools\Oneclicktools\DDU\Settings\</Value>
				</KvP>
				<KvP>
					<Key>[Found] Logs</Key>
					<Value>C:\Users\Griffin\Desktop\OceanTools\Oneclicktools\DDU\DDU Logs\</Value>
				</KvP>
				<KvP>
					<Key>[Found] Language</Key>
					<Value>C:\Users\Griffin\Desktop\OceanTools\Oneclicktools\DDU\Settings\Languages\</Value>
				</KvP>
				<KvP />
				<KvP>
					<Key>[Found] ProgramFiles</Key>
					<Value>C:\Program Files\</Value>
				</KvP>
				<KvP>
					<Key>[Found] ProgramFilesx86</Key>
					<Value>C:\Program Files (x86)\</Value>
				</KvP>
				<KvP />
				<KvP>
					<Key>[Found] Roaming</Key>
					<Value>C:\ProgramData\</Value>
				</KvP>
				<KvP>
					<Key>[Not found] AppBaseRoaming</Key>
					<Value>C:\ProgramData\DisplayDriverUninstaller\</Value>
				</KvP>
				<KvP />
				<KvP>
					<Key>[Found] SystemDrive</Key>
					<Value>C:\</Value>
				</KvP>
				<KvP>
					<Key>[Found] WinDir</Key>
					<Value>C:\Windows\</Value>
				</KvP>
				<KvP>
					<Key>[Found] UserPath</Key>
					<Value>C:\Users\</Value>
				</KvP>
				<KvP>
					<Key>[Found] System32</Key>
					<Value>C:\Windows\system32\</Value>
				</KvP>
				<KvP>
					<Key>[Found] SysWOW64</Key>
					<Value>C:\Windows\SysWOW64\</Value>
				</KvP>
			</Values>
		</Event>
		<Event>
			<Time>12/21/2024 12:07:19 PM</Time>
			<Message>System Information</Message>
			<Values Separator=" : ">
				<KvP>
					<Key>DDU Version</Key>
					<Value>18.0.8.5</Value>
				</KvP>
				<KvP>
					<Key>OS</Key>
					<Value>Windows 10</Value>
				</KvP>
				<KvP>
					<Key>Win 10 1809+ ?</Key>
					<Value>True</Value>
				</KvP>
				<KvP>
					<Key>Architecture</Key>
					<Value>x64</Value>
				</KvP>
				<KvP>
					<Key>UserRights</Key>
					<Value>Admin</Value>
				</KvP>
				<KvP>
					<Key>Arguments</Key>
					<Value>&lt;empty&gt;</Value>
				</KvP>
				<KvP />
				<KvP>
					<Key>GPU #0000</Key>
					<Value>NVIDIA GeForce RTX 3080</Value>
				</KvP>
				<KvP>
					<Key>GPU DeviceID</Key>
					<Value>pci\ven_10de&amp;dev_2216&amp;subsys_38961462</Value>
				</KvP>
				<KvP>
					<Key>Vbios</Key>
					<Value>Version94 02.71.40.6c</Value>
				</KvP>
				<KvP>
					<Key>Detected Driver(s) Version(s)</Key>
					<Value>32.0.15.6636</Value>
				</KvP>
				<KvP>
					<Key>INF name</Key>
					<Value>oem10.inf</Value>
				</KvP>
				<KvP>
					<Key>INF section</Key>
					<Value>Section028</Value>
				</KvP>
				<KvP />
			</Values>
		</Event>
		<Warning>
			<Time>12/21/2024 12:07:19 PM</Time>
			<Message>We are not in Safe Mode</Message>
		</Warning>
		<Event>
			<Time>12/21/2024 12:07:19 PM</Time>
			<Message>The following third-party driver packages are installed on this computer</Message>
			<Values Separator=" = ">
				<KvP>
					<Value>C:\Windows\inf\oem0.inf</Value>
				</KvP>
				<KvP>
					<Key>Provider</Key>
					<Value>Microsoft</Value>
				</KvP>
				<KvP>
					<Key>Class</Key>
					<Value>Printer</Value>
				</KvP>
				<KvP />
				<KvP>
					<Value>C:\Windows\inf\oem1.inf</Value>
				</KvP>
				<KvP>
					<Key>Provider</Key>
					<Value>Microsoft</Value>
				</KvP>
				<KvP>
					<Key>Class</Key>
					<Value>Printer</Value>
				</KvP>
				<KvP />
				<KvP>
					<Value>C:\Windows\inf\oem10.inf</Value>
				</KvP>
				<KvP>
					<Key>Provider</Key>
					<Value>NVIDIA</Value>
				</KvP>
				<KvP>
					<Key>Class</Key>
					<Value>Display</Value>
				</KvP>
				<KvP />
				<KvP>
					<Value>C:\Windows\inf\oem11.inf</Value>
				</KvP>
				<KvP>
					<Key>Provider</Key>
					<Value>Malwarebytes</Value>
				</KvP>
				<KvP>
					<Key>Class</Key>
					<Value>Net</Value>
				</KvP>
				<KvP />
				<KvP>
					<Value>C:\Windows\inf\oem12.inf</Value>
				</KvP>
				<KvP>
					<Key>Provider</Key>
					<Value>Logitech</Value>
				</KvP>
				<KvP>
					<Key>Class</Key>
					<Value>USB</Value>
				</KvP>
				<KvP />
				<KvP>
					<Value>C:\Windows\inf\oem13.inf</Value>
				</KvP>
				<KvP>
					<Key>Provider</Key>
					<Value>Apple, Inc.</Value>
				</KvP>
				<KvP>
					<Key>Class</Key>
					<Value>USBDevice</Value>
				</KvP>
				<KvP />
				<KvP>
					<Value>C:\Windows\inf\oem14.inf</Value>
				</KvP>
				<KvP>
					<Key>Provider</Key>
					<Value>NW V9.21</Value>
				</KvP>
				<KvP>
					<Key>Class</Key>
					<Value>Net</Value>
				</KvP>
				<KvP />
				<KvP>
					<Value>C:\Windows\inf\oem15.inf</Value>
				</KvP>
				<KvP>
					<Key>Provider</Key>
					<Value>Creative Technology Ltd.</Value>
				</KvP>
				<KvP>
					<Key>Class</Key>
					<Value>MEDIA</Value>
				</KvP>
				<KvP />
				<KvP>
					<Value>C:\Windows\inf\oem16.inf</Value>
				</KvP>
				<KvP>
					<Key>Provider</Key>
					<Value>Nefarius Software Solutions e.U.</Value>
				</KvP>
				<KvP>
					<Key>Class</Key>
					<Value>System</Value>
				</KvP>
				<KvP />
				<KvP>
					<Value>C:\Windows\inf\oem17.inf</Value>
				</KvP>
				<KvP>
					<Key>Provider</Key>
					<Value>Logitech</Value>
				</KvP>
				<KvP>
					<Key>Class</Key>
					<Value>Camera</Value>
				</KvP>
				<KvP />
				<KvP>
					<Value>C:\Windows\inf\oem2.inf</Value>
				</KvP>
				<KvP>
					<Key>Provider</Key>
					<Value>Creative Technology Ltd.</Value>
				</KvP>
				<KvP>
					<Key>Class</Key>
					<Value>MEDIA</Value>
				</KvP>
				<KvP />
				<KvP>
					<Value>C:\Windows\inf\oem20.inf</Value>
				</KvP>
				<KvP>
					<Key>Provider</Key>
					<Value>Intel</Value>
				</KvP>
				<KvP>
					<Key>Class</Key>
					<Value>Net</Value>
				</KvP>
				<KvP />
				<KvP>
					<Value>C:\Windows\inf\oem21.inf</Value>
				</KvP>
				<KvP>
					<Key>Provider</Key>
					<Value>Logitech</Value>
				</KvP>
				<KvP>
					<Key>Class</Key>
					<Value>MEDIA</Value>
				</KvP>
				<KvP />
				<KvP>
					<Value>C:\Windows\inf\oem3.inf</Value>
				</KvP>
				<KvP>
					<Key>Provider</Key>
					<Value>Advanced Micro Devices Inc.</Value>
				</KvP>
				<KvP>
					<Key>Class</Key>
					<Value>SecurityDevices</Value>
				</KvP>
				<KvP />
				<KvP>
					<Value>C:\Windows\inf\oem4.inf</Value>
				</KvP>
				<KvP>
					<Key>Provider</Key>
					<Value>Advanced Micro Devices</Value>
				</KvP>
				<KvP>
					<Key>Class</Key>
					<Value>System</Value>
				</KvP>
				<KvP />
				<KvP>
					<Value>C:\Windows\inf\oem5.inf</Value>
				</KvP>
				<KvP>
					<Key>Provider</Key>
					<Value>Advanced Micro Devices, Inc.</Value>
				</KvP>
				<KvP>
					<Key>Class</Key>
					<Value>System</Value>
				</KvP>
				<KvP />
				<KvP>
					<Value>C:\Windows\inf\oem6.inf</Value>
				</KvP>
				<KvP>
					<Key>Provider</Key>
					<Value>Realtek</Value>
				</KvP>
				<KvP>
					<Key>Class</Key>
					<Value>Net</Value>
				</KvP>
				<KvP />
				<KvP>
					<Value>C:\Windows\inf\oem7.inf</Value>
				</KvP>
				<KvP>
					<Key>Provider</Key>
					<Value>Advanced Micro Devices, Inc</Value>
				</KvP>
				<KvP>
					<Key>Class</Key>
					<Value>System</Value>
				</KvP>
				<KvP />
				<KvP>
					<Value>C:\Windows\inf\oem8.inf</Value>
				</KvP>
				<KvP>
					<Key>Provider</Key>
					<Value>Advanced Micro Devices, Inc</Value>
				</KvP>
				<KvP>
					<Key>Class</Key>
					<Value>System</Value>
				</KvP>
				<KvP />
				<KvP>
					<Value>C:\Windows\inf\oem9.inf</Value>
				</KvP>
				<KvP>
					<Key>Provider</Key>
					<Value>Intel</Value>
				</KvP>
				<KvP>
					<Key>Class</Key>
					<Value>net</Value>
				</KvP>
				<KvP />
			</Values>
		</Event>
		<Event>
			<Time>12/21/2024 12:07:25 PM</Time>
			<Message>Trying to impersonate the SYSTEM account... SUCCESS !</Message>
			<Values Separator=" : ">
				<KvP>
					<Key>Number of process to check</Key>
					<Value>80</Value>
				</KvP>
				<KvP>
					<Key>Spotify</Key>
					<Value>Skipping : S-1-5-21-800010095-4289106251-4113202257-1001</Value>
				</KvP>
				<KvP>
					<Key>RuntimeBroker</Key>
					<Value>Skipping : S-1-5-21-800010095-4289106251-4113202257-1001</Value>
				</KvP>
				<KvP>
					<Key>msedgewebview2</Key>
					<Value>Skipping : S-1-5-21-800010095-4289106251-4113202257-1001</Value>
				</KvP>
				<KvP>
					<Key>SearchApp</Key>
					<Value>Skipping : S-1-5-21-800010095-4289106251-4113202257-1001</Value>
				</KvP>
				<KvP>
					<Key>chrome</Key>
					<Value>Skipping : S-1-5-21-800010095-4289106251-4113202257-1001</Value>
				</KvP>
				<KvP>
					<Key>Spotify</Key>
					<Value>Skipping : S-1-5-21-800010095-4289106251-4113202257-1001</Value>
				</KvP>
				<KvP>
					<Key>lsass</Key>
					<Value>S-1-5-18</Value>
				</KvP>
				<KvP>
					<Key>lsass</Key>
					<Value>SYSTEM account impersonalisation SUCCESS</Value>
				</KvP>
			</Values>
		</Event>
		<Event>
			<Time>12/21/2024 12:07:25 PM</Time>
			<Message>Reverting the Impersonalisation is successful !</Message>
		</Event>
		<Event>
			<Time>12/21/2024 12:07:46 PM</Time>
			<Message>&gt;&gt; Successfully saved log to file!</Message>
		</Event>
	</LogEntries>
</DisplayDriverUninstaller>